,Brand,Color,Storage,Rating,Screen_size,Battery,Price,Rating_cat,Price_cat
0,realme,Gold,64,4.6,6.7,5000,10999,high,Affordable
1,realme,Black,64,4.3,6.7,5000,10999,high,Affordable
2,vivo,Blue,128,4.4,6.6,5000,13999,high,Affordable
3,vivo,Black,128,4.4,6.6,5000,13999,high,Affordable
4,vivo,Blue,128,4.3,6.6,5000,15999,high,Affordable
5,vivo,Gold,128,4.3,6.6,5000,15999,high,Affordable
6,vivo,Black,128,4.3,6.6,5000,15999,high,Affordable
7,vivo,Gold,128,4.4,6.6,5000,12999,high,Affordable
8,vivo,Black,128,4.4,6.6,5000,12999,high,Affordable
9,vivo,Blue,128,4.4,6.6,5000,12999,high,Affordable
10,MOTOROLA,Green,64,4.2,6.5,5000,11849,high,Affordable
11,OnePlus,Tide,128,4.4,6.6,5000,17585,high,Affordable
12,MOTOROLA,Gray,128,4.1,6.5,5000,11999,low,Affordable
13,SAMSUNG,Blue,128,4.3,6.6,6000,11999,high,Affordable
14,vivo,Gold,128,4.4,6.6,5000,13999,high,Affordable
15,POCO,Black,64,4.2,6.6,5000,10999,high,Affordable
16,APPLE,Midnight,128,4.6,6.1,5000,68999,high,Costly
17,POCO,Black,128,4.2,6.6,5000,12999,high,Affordable
18,MOTOROLA,Blue,128,4.1,6.6,5000,15499,low,Affordable
19,SAMSUNG,Green,64,4.1,6.5,5000,10701,low,Affordable
20,SAMSUNG,Blue,64,4.1,6.5,5000,10701,low,Affordable
21,POCO,Black,128,4.1,6.7,5000,18999,low,Average
22,POCO,Blue,128,4.2,6.6,5000,12999,high,Affordable
23,REDMI,Purple,128,4.4,6.6,5000,10999,high,Affordable
24,POCO,Yellow,64,4.2,6.6,5000,10999,high,Affordable
25,vivo,Blaze,128,4.4,6.4,4500,20999,high,Average
26,vivo,Blaze,128,4.4,6.4,4500,18999,high,Average
27,vivo,Wave,128,4.4,6.4,4500,18999,high,Average
28,SAMSUNG,Green,128,4.2,6.6,6000,14990,high,Affordable
29,vivo,Wave,128,4.4,6.4,4500,20999,high,Average
30,OnePlus,Dusk,128,4.4,6.6,5000,17564,high,Affordable
31,REDMI,Black,128,4.4,6.6,5000,10999,high,Affordable
32,APPLE,Purple,128,4.6,6.1,5000,68999,high,Costly
33,POCO,Blue,128,4.2,6.4,5000,13999,high,Affordable
34,MOTOROLA,Gray,128,4.1,6.6,5000,15499,low,Affordable
35,SAMSUNG,Blue,128,4.3,6.6,5000,16999,high,Affordable
36,APPLE,Starlight,128,4.6,6.1,5000,68999,high,Costly
37,SAMSUNG,Copper,128,4.3,6.6,6000,11999,high,Affordable
38,SAMSUNG,Blush,128,4.3,6.6,5000,16999,high,Affordable
39,SAMSUNG,Green,128,4.3,6.6,5000,16999,high,Affordable
40,MOTOROLA,Green,256,4.2,6.6,4400,29999,high,Average
42,SAMSUNG,Green,64,4.3,6.6,6000,10999,high,Affordable
43,REDMI,Green,128,4.4,6.6,5000,10999,high,Affordable
44,MOTOROLA,Blue,128,3.9,6.5,5000,16999,low,Affordable
45,POCO,Blue,128,4.1,6.7,5000,18999,low,Average
46,SAMSUNG,Copper,64,4.3,6.6,6000,10999,high,Affordable
47,SAMSUNG,Black,128,4.2,6.6,6000,14990,high,Affordable
48,realme,Rainforest,128,4.4,6.7,5000,13999,high,Affordable
49,POCO,Blue,128,4.1,6.7,5000,18999,low,Average
50,realme,Rainforest,64,4.3,6.7,5000,11999,high,Affordable
51,realme,Rainforest,64,4.4,6.7,5000,10999,high,Affordable
52,SAMSUNG,Copper,64,4.3,6.6,6000,10999,high,Affordable
53,SAMSUNG,Green,64,4.3,6.6,6000,10999,high,Affordable
54,SAMSUNG,Blue,64,4.3,6.6,6000,10999,high,Affordable
55,POCO,Blue,64,4.2,6.6,5000,10999,high,Affordable
56,MOTOROLA,White,128,3.9,6.5,5000,16999,low,Affordable
57,realme,Night,128,4.4,6.7,5000,13999,high,Affordable
58,realme,Sunshower,128,4.4,6.7,5000,13999,high,Affordable
59,realme,Sunshower,64,4.4,6.7,5000,10999,high,Affordable
60,realme,Night,64,4.4,6.7,5000,10999,high,Affordable
61,POCO,Black,256,4.3,6.7,5000,24999,high,Average
62,realme,Matter,128,4.3,6.7,5000,19999,high,Average
63,SAMSUNG,Green,128,4.2,6.6,6000,14990,high,Affordable
64,SAMSUNG,Blue,128,4.3,6.6,5000,16999,high,Affordable
65,SAMSUNG,Black,128,4.2,6.6,6000,14990,high,Affordable
66,POCO,Blue,256,4.3,6.7,5000,24999,high,Average
67,Infinix,Blue,128,4.2,6.8,6000,13499,high,Affordable
68,POCO,Green,128,4.1,6.7,5000,18999,low,Average
69,SAMSUNG,Black,128,4.2,6.6,6000,14990,high,Affordable
70,IQOO,Green,128,4.3,6.7,5000,15149,high,Affordable
71,APPLE,Midnight,128,4.7,6.1,5000,59999,high,Costly
72,Infinix,Gold,256,4.2,6.8,5000,15999,high,Affordable
73,realme,Sunshower,64,4.3,6.7,5000,11999,high,Affordable
74,realme,Night,64,4.3,6.7,5000,11999,high,Affordable
75,POCO,Black,256,4.1,6.7,5000,20999,low,Average
76,realme,Hyperspace,128,4.3,6.7,5000,19999,high,Average
77,realme,Hyperspace,128,4.3,6.7,5000,18999,high,Average
78,realme,Blue,128,4.3,6.7,5000,18999,high,Average
79,realme,Blue,128,4.3,6.7,5000,19999,high,Average
80,POCO,Yellow,128,4.2,6.4,5000,13999,high,Affordable
81,POCO,Green,128,4.1,6.7,5000,18999,low,Average
82,POCO,Yellow,256,4.3,6.7,5000,24999,high,Average
83,Infinix,Blue,128,4.2,6.8,6000,13499,high,Affordable
84,REDMI,Black,64,4.1,6.7,5000,13999,low,Affordable
85,SAMSUNG,Green,128,4.3,6.6,6000,11999,high,Affordable
86,REDMI,Green,128,4.1,6.7,5000,18999,low,Average
87,Infinix,Blue,128,4.3,6.8,5000,14999,high,Affordable
88,POCO,Blue,256,4.1,6.7,5000,20999,low,Average
89,realme,Matter,128,4.3,6.7,5000,18999,high,Average
90,realme,Black,128,4.3,6.7,5000,13310,high,Affordable
91,POCO,Green,256,4.1,6.7,5000,20999,low,Average
92,REDMI,Black,128,4.1,6.7,5000,18999,low,Average
93,realme,Blue,128,4.3,6.7,5000,13750,high,Affordable
94,Infinix,Blue,128,4.2,6.8,6000,12499,high,Affordable
95,APPLE,Blue,128,4.6,6.1,5000,68999,high,Costly
96,REDMI,Gold,64,4.1,6.7,5000,13999,low,Affordable
97,REDMI,Blue,128,4.1,6.7,5000,18999,low,Average
98,realme,Black,128,4.2,6.7,5000,12020,high,Affordable
99,REDMI,Green,128,4.0,6.7,5000,16999,low,Affordable
100,REDMI,Blue,128,4.0,6.7,5000,16999,low,Affordable
101,APPLE,Midnight,128,4.7,6.1,5000,59999,high,Costly
102,realme,Beige,256,4.3,6.7,5000,24999,high,Average
103,REDMI,Black,256,4.1,6.7,5000,20999,low,Average
104,REDMI,Black,128,4.0,6.7,5000,16999,low,Affordable
105,REDMI,Black,256,4.2,6.6,5080,23999,high,Average
106,IQOO,Green,128,4.3,6.7,5000,15149,high,Affordable
107,Google,Charcoal,128,4.3,6.1,4410,27999,high,Average
108,REDMI,Green,128,4.1,6.7,5000,10699,low,Affordable
109,MOTOROLA,Black,256,4.2,6.6,4400,29999,high,Average
110,APPLE,Starlight,128,4.7,6.1,5000,59999,high,Costly
111,REDMI,Blue,256,4.1,6.7,5000,20999,low,Average
112,realme,Black,64,4.2,6.4,5000,12499,high,Affordable
113,realme,Black,128,4.3,6.7,5000,23999,high,Average
114,realme,Green,256,4.3,6.7,5000,29999,high,Average
115,Google,Chalk,128,4.3,6.1,4410,27999,high,Average
116,REDMI,Purple,128,4.2,6.7,5000,24999,high,Average
117,REDMI,Blue,128,4.2,6.7,5000,23999,high,Average
118,realme,Sea,128,4.4,6.5,5000,10499,high,Affordable
119,Infinix,Green,64,4.2,6.6,5000,11499,high,Affordable
120,Infinix,Green,64,4.2,6.6,5000,11499,high,Affordable
121,Infinix,Blue,128,4.1,6.8,5000,14999,low,Affordable
122,REDMI,Blue,256,4.2,6.7,5000,26999,high,Average
123,realme,White,128,4.3,6.4,5000,15499,high,Affordable
124,realme,Black,64,4.2,6.4,5000,12499,high,Affordable
125,REDMI,Purple,128,4.2,6.7,5000,24999,high,Average
126,APPLE,Green,128,4.7,6.1,5000,59999,high,Costly
127,realme,Black,128,4.3,6.7,5000,23999,high,Average
128,REDMI,Green,128,4.1,6.7,5000,10699,low,Affordable
129,OnePlus,Black,128,4.5,6.7,5000,39870,high,Costly
130,POCO,Black,128,4.2,6.7,5000,17999,high,Affordable
131,realme,Green,256,4.3,6.7,5000,29999,high,Average
132,POCO,Yellow,128,4.2,6.6,5000,12999,high,Affordable
133,REDMI,Black,128,4.2,6.7,5000,23999,high,Average
134,realme,Blue,64,4.5,6.6,5000,14999,high,Affordable
135,REDMI,Silver,256,4.2,6.6,5080,23999,high,Average
136,SAMSUNG,Black,128,4.2,6.6,6000,17890,high,Affordable
137,SAMSUNG,Green,128,4.2,6.6,6000,13990,high,Affordable
138,REDMI,Green,256,4.1,6.7,5000,20999,low,Average
139,realme,Blue,128,4.3,6.6,5000,16999,high,Affordable
140,realme,Black,256,4.3,6.7,5000,24999,high,Average
141,realme,Beige,128,4.3,6.7,5000,23999,high,Average
142,realme,Sea,128,4.4,6.5,5000,10499,high,Affordable
143,SAMSUNG,Brown,128,4.2,6.6,6000,17625,high,Affordable
144,realme,White,64,4.2,6.4,5000,12499,high,Affordable
145,MOTOROLA,Blue,128,4.1,6.6,5000,15999,low,Affordable
146,REDMI,Purple,128,4.2,6.7,5000,23999,high,Average
147,SAMSUNG,Navy,128,4.2,6.5,4500,27149,high,Average
148,MOTOROLA,Grey,128,4.1,6.6,5000,21499,low,Average
149,REDMI,Blue,128,4.2,6.7,5000,23999,high,Average
150,realme,Gold,128,4.4,6.5,5000,10499,high,Affordable
151,realme,Black,64,4.5,6.6,5000,14999,high,Affordable
152,realme,Green,128,4.3,6.7,5000,23999,high,Average
153,Infinix,Snowfall,128,4.1,6.7,5000,15999,low,Affordable
154,Infinix,Black,128,4.1,6.7,5000,15999,low,Affordable
155,Infinix,Black,64,4.2,6.6,5000,11499,high,Affordable
156,realme,Black,128,4.3,6.6,5000,24999,high,Average
157,realme,White,128,4.3,6.6,5000,24999,high,Average
158,APPLE,Blue,128,4.7,6.1,5000,59999,high,Costly
159,SAMSUNG,Black,128,4.2,6.6,6000,13990,high,Affordable
160,realme,Blue,128,4.4,6.5,5000,10499,high,Affordable
161,realme,Beige,256,4.2,6.7,5000,27999,high,Average
162,OnePlus,Black,256,4.5,6.7,5000,44623,high,Costly
163,SAMSUNG,Black,128,4.2,6.6,6000,13990,high,Affordable
164,realme,Black,256,4.3,6.7,5000,29999,high,Average
165,realme,Green,256,4.3,6.7,5000,27999,high,Average
166,realme,Beige,256,4.3,6.7,5000,29999,high,Average
167,realme,Beige,256,4.3,6.7,5000,29999,high,Average
168,APPLE,Pink,128,4.7,6.1,5000,59999,high,Costly
169,REDMI,Black,128,4.1,6.7,5000,10220,low,Affordable
170,MOTOROLA,Blue,128,4.1,6.6,5000,15999,low,Affordable
171,realme,Black,64,4.5,6.6,5000,14999,high,Affordable
172,REDMI,Green,256,4.1,6.7,5000,20999,low,Average
173,REDMI,Blue,128,4.2,6.7,5000,24999,high,Average
174,Infinix,Orange,256,4.0,6.8,5000,16999,low,Affordable
175,Infinix,White,256,4.0,6.8,5000,16999,low,Affordable
176,POCO,White,256,4.3,6.7,5000,29999,high,Average
177,OPPO,Blue,128,4.3,6.6,5000,17837,high,Affordable
179,REDMI,Blue,256,4.2,6.7,4980,29999,high,Average
180,REDMI,Purple,256,4.2,6.7,5000,26999,high,Average
181,OPPO,Blue,64,4.3,6.6,5000,12499,high,Affordable
182,realme,Gold,128,4.3,6.6,5000,16999,high,Affordable
183,realme,Black,128,4.3,6.6,5000,16999,high,Affordable
184,REDMI,Black,64,4.3,6.6,5000,10440,high,Affordable
185,realme,Gold,64,4.5,6.6,5000,14999,high,Affordable
186,OnePlus,Shadow,128,4.4,6.7,4500,28977,high,Average
187,REDMI,Black,128,4.1,6.7,5000,15999,low,Affordable
188,SAMSUNG,Brown,128,4.2,6.6,6000,17625,high,Affordable
189,realme,Black,64,4.3,6.7,5000,10145,high,Affordable
190,REDMI,Black,256,4.2,6.7,5000,26999,high,Average
191,SAMSUNG,Black,128,4.2,6.6,6000,13990,high,Affordable
192,realme,Black,64,4.3,6.7,5000,10145,high,Affordable
193,REDMI,Black,128,4.1,6.7,5000,10220,low,Affordable
194,MOTOROLA,Grey,128,4.1,6.6,4020,24999,low,Average
195,SAMSUNG,Brown,128,4.2,6.6,6000,16480,high,Affordable
197,OnePlus,Black,128,4.5,6.7,5000,39900,high,Costly
198,OnePlus,Silver,128,4.5,6.7,5000,39944,high,Costly
199,SAMSUNG,Blue,128,4.2,6.6,6000,13990,high,Affordable
200,POCO,White,256,4.3,6.7,5000,29999,high,Average
201,MOTOROLA,Grey,128,4.1,6.6,5000,15999,low,Affordable
202,REDMI,Blue,128,4.2,6.7,6000,10999,high,Affordable
203,REDMI,Black,256,4.2,6.7,4980,29999,high,Average
204,OnePlus,Green,128,4.3,6.7,5000,30780,high,Costly
205,Infinix,Black,128,4.2,6.8,6000,13499,high,Affordable
206,REDMI,Black,256,4.2,6.7,5000,26999,high,Average
207,Infinix,Green,128,4.1,6.6,5000,13499,low,Affordable
208,realme,Gold,64,4.3,6.7,5000,10179,high,Affordable
209,REDMI,Black,64,4.2,6.5,6000,11478,high,Affordable
210,SAMSUNG,Black,128,4.2,6.6,6000,16990,high,Affordable
211,POCO,Blue,64,4.5,6.2,4000,12299,high,Affordable
212,OPPO,Black,64,4.3,6.6,5000,12499,high,Affordable
213,realme,Hyperspace,128,4.4,6.7,5000,23999,high,Average
214,realme,Blue,128,4.4,6.7,5000,23999,high,Average
215,vivo,Black,128,4.3,6.5,5000,12899,high,Affordable
216,OPPO,Orange,64,4.3,6.6,5000,12499,high,Affordable
217,POCO,Black,256,4.3,6.7,5000,29999,high,Average
219,REDMI,Green,64,4.3,6.6,5000,10949,high,Affordable
220,OPPO,Black,128,4.3,6.6,5000,18130,high,Average
221,SAMSUNG,Blue,64,4.1,6.5,5000,13199,low,Affordable
222,Infinix,Black,128,4.3,6.8,6000,13499,high,Affordable
223,vivo,Black,128,4.3,6.5,5000,12899,high,Affordable
224,APPLE,Yellow,128,4.6,6.1,5000,68999,high,Costly
225,realme,Hyperspace,128,4.4,6.7,5000,22999,high,Average
226,realme,Blue,128,4.4,6.7,5000,22999,high,Average
227,realme,Matter,128,4.4,6.7,5000,22999,high,Average
228,realme,Matter,128,4.4,6.7,5000,23999,high,Average
229,REDMI,Black,64,4.2,6.6,5000,14190,high,Affordable
230,REDMI,Black,128,4.2,6.6,5000,15248,high,Affordable
231,OnePlus,Shadow,128,4.4,6.7,4500,28993,high,Average
232,REDMI,Blue,256,4.2,6.7,4980,32999,high,Costly
233,Infinix,Black,128,4.3,6.8,5000,14999,high,Affordable
234,realme,Blue,64,4.2,6.7,5000,11505,high,Affordable
235,Infinix,Fantasy,128,4.2,6.7,4500,15999,high,Affordable
236,Infinix,Gray,128,4.2,6.7,4500,15999,high,Affordable
237,vivo,Dream,128,4.3,6.6,5000,18990,high,Average
238,vivo,Black,128,4.3,6.6,5000,15716,high,Affordable
239,realme,Green,128,4.4,6.5,6000,11142,high,Affordable
240,realme,Green,128,4.4,6.5,6000,11142,high,Affordable
241,Infinix,Grey,256,4.2,6.7,5000,16999,high,Affordable
242,REDMI,Orange,128,4.2,6.7,6000,12465,high,Affordable
243,REDMI,White,256,4.2,6.7,4980,32999,high,Costly
244,OPPO,Blue,64,4.3,6.6,5000,11895,high,Affordable
245,vivo,Green,128,4.3,6.6,5000,14499,high,Affordable
246,MOTOROLA,Grey,64,4.2,6.4,5000,11999,high,Affordable
247,vivo,Blue,128,4.3,6.6,5000,14499,high,Affordable
248,Infinix,Gold,128,4.2,6.7,4500,15999,high,Affordable
249,REDMI,Black,128,4.2,6.7,5000,24999,high,Average
250,MOTOROLA,Green,64,4.2,6.5,5000,10948,high,Affordable
251,realme,Blue,128,4.3,6.6,5000,12999,high,Affordable
252,OnePlus,Black,128,4.3,6.7,5000,30298,high,Costly
253,MOTOROLA,Black,256,4.3,6.7,4610,49999,high,Costly
254,OPPO,Purple,256,4.3,6.7,4600,39999,high,Costly
255,OPPO,Grey,256,4.3,6.7,4600,39999,high,Costly
256,vivo,Blue,128,4.3,6.6,5000,15499,high,Affordable
257,OPPO,Black,128,4.2,6.4,4500,21998,high,Average
258,REDMI,Blue,64,4.3,6.4,5000,11499,high,Affordable
259,OnePlus,Green,128,4.3,6.7,5000,30778,high,Costly
260,POCO,Black,256,4.2,6.7,5000,33999,high,Costly
261,Nothing,White,512,4.4,6.7,4700,54999,high,Costly
262,IQOO,Green,128,4.2,6.7,5000,15995,high,Affordable
263,MOTOROLA,Grey,128,4.3,6.6,4400,34999,high,Costly
264,Infinix,Blue,256,4.2,6.8,5000,15999,high,Affordable
265,Infinix,Black,256,4.2,6.8,5000,15999,high,Affordable
266,realme,Green,128,4.4,6.5,6000,11142,high,Affordable
267,SAMSUNG,Black,256,4.1,6.5,5000,33990,low,Costly
268,Infinix,Black,64,4.2,6.7,5000,10999,high,Affordable
269,vivo,Black,256,4.2,6.4,4500,27990,high,Average
270,POCO,White,256,4.2,6.7,5000,33999,high,Costly
271,OPPO,Blue,64,4.3,6.6,5000,11895,high,Affordable
272,Nothing,White,512,4.4,6.7,4700,54999,high,Costly
274,Infinix,Gray,128,4.2,6.7,4500,15999,high,Affordable
275,Infinix,Fantasy,128,4.2,6.7,4500,15999,high,Affordable
276,vivo,Blue,256,4.2,6.4,4500,28990,high,Average
277,realme,Blue,128,4.3,6.6,5000,12999,high,Affordable
278,vivo,Blue,128,4.3,6.4,4500,25499,high,Average
279,realme,Blue,64,4.2,6.7,5000,11505,high,Affordable
280,REDMI,White,256,4.2,6.7,4980,32999,high,Costly
282,REDMI,Purple,64,4.3,6.6,5000,10490,high,Affordable
283,Tecno,Black,128,4.1,6.8,5000,12990,low,Affordable
284,REDMI,White,64,4.1,6.4,5000,13819,low,Affordable
285,REDMI,Blue,64,4.2,6.4,5000,14400,high,Affordable
286,IQOO,Black,256,4.4,6.8,5000,34589,high,Costly
287,Infinix,Gold,128,4.2,6.7,4500,15999,high,Affordable
288,IQOO,Blue,128,4.4,6.8,5000,29990,high,Average
289,SAMSUNG,Brown,64,4.2,6.6,6000,11299,high,Affordable
290,POCO,Black,256,4.2,6.7,5000,33999,high,Costly
292,Tecno,Welkin,128,4.2,6.7,5000,20399,high,Average
293,REDMI,Black,128,4.2,6.7,5000,24999,high,Average
294,vivo,Black,128,4.3,6.5,5000,16999,high,Affordable
295,REDMI,Green,128,4.2,6.7,6000,10999,high,Affordable
296,APPLE,White,64,4.6,6.1,5000,41999,high,Costly
297,vivo,Black,64,4.3,6.5,5000,11999,high,Affordable
298,REDMI,Black,256,4.2,6.7,4980,32999,high,Costly
299,REDMI,Blue,64,4.1,6.4,5000,13990,low,Affordable
300,SAMSUNG,Teal,128,4.2,6.6,6000,15249,high,Affordable
301,MOTOROLA,Black,64,3.8,6.5,5000,10999,low,Affordable
302,Google,Obsidian,128,4.3,6.3,4270,49999,high,Costly
303,Google,Snow,128,4.3,6.3,4270,49999,high,Costly
304,vivo,Sky,128,4.5,6.4,5000,14499,high,Affordable
305,SAMSUNG,Green,128,4.1,6.5,5000,10680,low,Affordable
306,OnePlus,Fog,128,4.4,6.7,4500,28295,high,Average
307,IQOO,Green,128,4.2,6.7,5000,15995,high,Affordable
308,IQOO,Night,128,4.2,6.7,5000,15995,high,Affordable
309,vivo,Black,64,4.2,6.5,5000,10999,high,Affordable
310,vivo,Gold,64,4.2,6.5,5000,10499,high,Affordable
311,SAMSUNG,Violet,128,4.2,6.4,5000,38999,high,Costly
312,SAMSUNG,Blue,128,3.8,6.6,5000,23998,low,Average
313,REDMI,Blue,128,4.1,6.7,5000,10718,low,Affordable
314,vivo,Sky,128,4.3,6.4,5000,17999,high,Affordable
315,vivo,Galaxy,128,4.3,6.4,5000,17999,high,Affordable
316,realme,Green,256,4.3,6.7,5000,24999,high,Average
317,Nothing,Grey,512,4.4,6.7,4700,54999,high,Costly
318,Nothing,Grey,128,4.5,6.7,4700,44999,high,Costly
319,Nothing,White,256,4.4,6.7,4700,49999,high,Costly
320,Nothing,Grey,256,4.4,6.7,4700,49999,high,Costly
321,APPLE,Black,128,4.6,6.1,5000,44999,high,Costly
322,OnePlus,Green,256,4.2,6.7,5000,35980,high,Costly
323,Mi,Black,128,4.2,6.6,4250,17499,high,Affordable
324,Google,Sea,128,4.0,6.1,4300,43999,low,Costly
325,Google,Charcoal,128,4.0,6.1,4300,43999,low,Costly
326,Google,Lemongrass,128,4.3,6.3,4270,49999,high,Costly
327,SAMSUNG,Lavender,128,4.2,6.5,4500,28240,high,Average
328,APPLE,White,128,4.6,6.1,5000,44999,high,Costly
329,vivo,Gold,64,4.3,6.5,5000,11999,high,Affordable
330,vivo,Blue,64,4.3,6.6,5000,14499,high,Affordable
331,MOTOROLA,White,256,4.3,6.7,4610,49999,high,Costly
332,vivo,Sky,128,4.4,6.4,5000,15999,high,Affordable
333,vivo,Engine,128,4.2,6.6,5000,19999,high,Average
334,Tecno,Blue,128,3.9,6.6,5000,10099,low,Affordable
335,vivo,Galaxy,128,4.5,6.4,5000,14499,high,Affordable
336,APPLE,Black,64,4.6,6.1,5000,40999,high,Costly
337,vivo,Engine,128,4.2,6.6,5000,17999,high,Affordable
338,Xiaomi,Black,256,4.2,6.7,4600,44999,high,Costly
339,Google,Snow,128,4.0,6.1,4300,43999,low,Costly
340,vivo,Black,256,4.4,6.8,4700,59890,high,Costly
341,OPPO,Orange,128,4.3,6.6,5000,16499,high,Affordable
342,SAMSUNG,Brown,128,4.2,6.6,6000,16990,high,Affordable
343,realme,Black,128,4.3,6.6,5000,12999,high,Affordable
344,SAMSUNG,Green,64,4.2,6.5,5000,10340,high,Affordable
345,APPLE,Starlight,128,4.7,6.7,5000,76999,high,Costly
346,Infinix,Black,256,4.0,6.8,5000,16999,low,Affordable
347,vivo,Shimmer,128,4.2,6.6,5000,19999,high,Average
348,Infinix,Snowfall,64,4.2,6.7,5000,14999,high,Affordable
349,SAMSUNG,Black,128,4.5,6.6,4500,49999,high,Costly
350,OPPO,Blue,64,4.5,6.6,5000,10099,high,Affordable
351,OnePlus,Shadow,128,4.4,6.7,4500,28999,high,Average
352,Infinix,Blue,256,4.2,6.7,5000,16999,high,Affordable
353,Xiaomi,Dazzle,128,4.2,6.6,4250,22899,high,Average
354,SAMSUNG,Lavender,128,4.0,6.5,4500,27589,low,Average
355,SAMSUNG,Violet,128,4.2,6.6,5000,30999,high,Costly
356,realme,Black,64,4.2,6.7,5000,11622,high,Affordable
357,MOTOROLA,Blue,128,4.1,6.4,5000,12999,low,Affordable
358,realme,Black,64,4.5,6.5,5000,13499,high,Affordable
359,realme,Blue,64,4.4,6.5,6000,11499,high,Affordable
360,MOTOROLA,Grey,128,4.3,6.6,4400,34999,high,Costly
361,OPPO,Black,256,4.3,6.7,5000,24490,high,Average
362,APPLE,Midnight,128,4.7,6.7,5000,76999,high,Costly
363,REDMI,Black,128,4.2,6.7,6000,12799,high,Affordable
364,OPPO,Black,128,4.3,6.6,5000,16499,high,Affordable
365,REDMI,Green,64,4.2,6.6,5000,14290,high,Affordable
367,SAMSUNG,Graphite,128,4.3,6.4,4500,39999,high,Costly
368,vivo,Blue,128,4.3,6.6,4830,28480,high,Average
369,SAMSUNG,Green,64,4.2,6.6,6000,10897,high,Affordable
370,Infinix,Black,128,4.1,6.8,5000,14999,low,Affordable
371,vivo,Black,128,4.3,6.4,4500,25490,high,Average
372,Infinix,Black,64,4.2,6.7,5000,14999,high,Affordable
374,realme,White,256,4.4,6.6,5000,28999,high,Average
375,APPLE,Midnight,256,4.6,6.1,5000,78999,high,Costly
376,vivo,Black,256,4.4,6.4,4500,25999,high,Average
377,vivo,Gold,256,4.4,6.4,4500,25999,high,Average
378,Tecno,White,128,4.2,6.6,5000,13999,high,Affordable
379,SAMSUNG,Silver,64,3.9,6.6,5000,13999,low,Affordable
380,SAMSUNG,Black,64,3.9,6.6,5000,13999,low,Affordable
381,OnePlus,Silver,256,4.5,6.7,5000,44600,high,Costly
382,IQOO,Night,128,4.3,6.7,5000,15999,high,Affordable
383,OnePlus,Black,256,4.5,6.7,5000,61900,high,Costly
384,vivo,Black,128,4.4,6.4,4700,23999,high,Average
385,SAMSUNG,Green,128,4.3,6.4,4500,39999,high,Costly
386,Tecno,Blue,128,4.3,6.6,5000,11699,high,Affordable
387,OnePlus,Green,256,4.5,6.7,5000,61879,high,Costly
388,OnePlus,Black,256,4.5,6.7,5000,61900,high,Costly
389,OnePlus,Green,128,4.4,6.7,5000,53990,high,Costly
390,SAMSUNG,Black,64,4.2,6.5,5000,12499,high,Affordable
391,realme,White,64,4.5,6.4,4000,16930,high,Affordable
392,SAMSUNG,Violet,128,4.2,6.4,5000,38999,high,Costly
393,Google,Snow,128,4.4,6.7,4926,70999,high,Costly
394,Google,Obsidian,128,4.4,6.7,4926,70999,high,Costly
395,SAMSUNG,Green,256,4.3,6.8,5000,85999,high,Costly
396,SAMSUNG,Black,128,4.0,6.6,5000,17999,low,Affordable
397,vivo,Blue,64,4.3,6.6,5000,14499,high,Affordable
398,vivo,Waves,128,4.3,6.4,4050,19990,high,Average
399,vivo,Black,128,4.4,6.6,5000,16999,high,Affordable
400,MOTOROLA,Blue,64,3.8,6.5,5000,11099,low,Affordable
401,APPLE,Midnight,256,4.6,6.1,5000,78999,high,Costly
402,SAMSUNG,Violet,256,4.2,6.6,5000,32999,high,Costly
403,OPPO,Purple,256,4.3,6.7,4700,54999,high,Costly
404,vivo,Blue,128,4.4,6.6,5000,15499,high,Affordable
405,APPLE,Midnight,128,4.7,6.7,5000,76999,high,Costly
407,vivo,Gold,128,4.3,6.5,5000,16999,high,Affordable
408,SAMSUNG,Blue,64,4.2,6.6,6000,10975,high,Affordable
409,REDMI,White,128,4.2,6.4,5000,17400,high,Affordable
410,REDMI,Blue,128,4.3,6.7,5020,14990,high,Affordable
411,IQOO,Green,64,4.2,6.7,5000,14290,high,Affordable
412,Google,Snow,128,4.4,6.7,4926,70999,high,Costly
413,APPLE,Blue,128,4.7,6.7,5000,76999,high,Costly
414,Google,Obsidian,128,4.4,6.7,4926,70999,high,Costly
415,MOTOROLA,Gold,128,4.3,6.6,4400,34999,high,Costly
417,OnePlus,Fog,128,4.4,6.7,4500,27999,high,Average
418,SAMSUNG,Blue,128,4.2,6.5,5000,14400,high,Affordable
419,OPPO,Grey,256,4.4,6.7,4700,54999,high,Costly
420,IQOO,Blue,128,4.4,6.4,4500,19230,high,Average
421,Tecno,Black,128,3.9,6.6,5000,10299,low,Affordable
422,vivo,Dawn,128,4.4,6.4,5000,17279,high,Affordable
423,vivo,Shadow,128,4.3,6.4,4050,19990,high,Average
424,REDMI,Black,128,4.0,6.5,5000,10390,low,Affordable
425,vivo,Shimmer,128,4.2,6.6,5000,17999,high,Affordable
426,IQOO,Night,64,4.2,6.7,5000,14990,high,Affordable
427,REDMI,Blue,128,4.1,6.4,5000,15485,low,Affordable
428,realme,Blue,128,4.5,6.4,4000,19925,high,Average
429,Tecno,Blue,128,4.6,6.6,5000,11699,high,Affordable
430,Mi,Black,128,4.2,6.6,4250,21999,high,Average
431,SAMSUNG,Black,64,4.2,6.5,5000,12499,high,Affordable
432,IQOO,Blue,128,4.3,6.4,4500,20230,high,Average
433,Mi,White,128,4.2,6.7,4520,22499,high,Average
434,realme,Blue,128,4.4,6.5,6000,12999,high,Affordable
435,realme,Glow,128,4.3,6.6,5000,17999,high,Affordable
436,Google,Hazel,128,4.4,6.7,4926,70999,high,Costly
437,REDMI,Black,128,4.1,6.7,5000,10929,low,Affordable
438,Infinix,Noir,256,4.1,6.8,4500,29999,low,Average
439,Redmi,Black,64,4.2,6.5,5000,10290,high,Affordable
440,vivo,Black,128,4.3,6.6,4830,35999,high,Costly
441,vivo,Blue,128,4.3,6.6,4830,29545,high,Average
442,Xiaomi,Dazzle,128,4.2,6.6,4250,22899,high,Average
443,OnePlus,Green,256,3.3,6.6,4500,32990,low,Costly
444,Tecno,Blue,128,3.9,6.6,5000,10099,low,Affordable
445,Xiaomi,Blue,128,4.2,6.6,4250,22800,high,Average
446,Infinix,Green,64,4.3,7.0,5000,13999,high,Affordable
447,Xiaomi,Coral,128,4.2,6.6,4250,20990,high,Average
448,Xiaomi,Dazzle,128,4.2,6.6,4250,20990,high,Average
449,REDMI,Purple,64,4.4,6.4,5000,16999,high,Affordable
450,Redmi,Orange,64,4.2,6.5,5000,10280,high,Affordable
451,SAMSUNG,White,128,4.3,6.4,4500,39999,high,Costly
452,SAMSUNG,Green,64,4.1,6.5,5000,13499,low,Affordable
453,IQOO,Green,128,4.2,6.7,5000,14990,high,Affordable
454,SAMSUNG,Black,128,4.0,6.5,5000,11450,low,Affordable
455,APPLE,Yellow,256,4.6,6.1,5000,78999,high,Costly
456,vivo,Blue,256,4.3,6.6,4830,36890,high,Costly
457,MOTOROLA,Lily,128,4.1,6.6,5000,21499,low,Average
458,APPLE,Midnight,128,4.7,6.7,5000,76999,high,Costly
459,OnePlus,Green,256,4.2,6.7,5000,35980,high,Costly
460,REDMI,Black,128,4.2,6.4,5000,15980,high,Affordable
461,REDMI,White,128,4.1,6.4,5000,20999,low,Average
462,SAMSUNG,Blue,128,4.1,6.5,5000,10380,low,Affordable
463,OPPO,Blue,64,4.5,6.6,5000,10099,high,Affordable
464,SAMSUNG,Red,128,4.0,6.6,5000,17999,low,Affordable
465,realme,Blue,64,4.5,6.6,5000,11999,high,Affordable
466,REDMI,White,128,4.2,6.4,5000,17400,high,Affordable
467,vivo,Blue,128,4.3,6.4,4500,23999,high,Average
468,realme,Blue,128,4.4,6.5,6000,11599,high,Affordable
469,REDMI,Black,64,4.1,6.4,5000,14990,low,Affordable
470,SAMSUNG,Black,64,3.9,6.6,5000,13999,low,Affordable
471,REDMI,Gold,128,4.1,6.7,5000,15999,low,Affordable
472,MOTOROLA,Blue,128,4.1,6.4,5000,12999,low,Affordable
473,SAMSUNG,Green,128,4.2,6.6,6000,17315,high,Affordable
474,realme,Blue,128,4.5,6.6,5000,14499,high,Affordable
475,vivo,Green,128,5.0,6.6,5000,14999,high,Affordable
476,Tecno,White,128,4.2,6.6,5000,13999,high,Affordable
477,REDMI,Blue,64,4.2,6.7,5000,12599,high,Affordable
478,OnePlus,Blue,128,4.3,6.7,5000,30749,high,Costly
479,REDMI,White,128,4.3,6.7,5020,14890,high,Affordable
480,OnePlus,Odyssey,256,4.5,6.7,5000,63990,high,Costly
481,OnePlus,Gray,256,4.0,6.7,5000,37675,low,Costly
482,OnePlus,Green,256,4.0,6.7,5000,37814,low,Costly
483,REDMI,Blue,128,4.2,6.4,5000,16180,high,Affordable
484,SAMSUNG,Blue,64,4.2,6.6,6000,10988,high,Affordable
485,realme,Black,64,4.5,6.6,5000,11499,high,Affordable
486,Infinix,Noir,256,4.1,6.8,4500,29999,low,Average
488,vivo,Blue,128,4.3,6.4,4500,23999,high,Average
489,SAMSUNG,Red,128,4.0,6.6,5000,17999,low,Affordable
490,realme,Black,256,4.4,6.6,5000,28999,high,Average
491,Tecno,Blue,128,4.2,6.7,5000,19200,high,Average
492,POCO,Blue,128,4.2,6.6,5000,18999,high,Average
493,SAMSUNG,Green,64,4.1,6.5,5000,13499,low,Affordable
494,Tecno,White,64,4.3,6.6,5000,11967,high,Affordable
495,OnePlus,Blue,128,4.3,6.7,5000,29999,high,Average
496,APPLE,Yellow,256,4.6,6.1,5000,78999,high,Costly
497,SAMSUNG,Green,128,4.2,6.6,5000,15999,high,Affordable
498,OnePlus,Black,256,4.5,6.7,5000,44778,high,Costly
499,realme,Glow,128,4.3,6.6,5000,17999,high,Affordable
500,Tecno,Black,64,4.3,6.6,5000,12898,high,Affordable
501,vivo,Gold,128,4.3,6.4,4500,23999,high,Average
502,APPLE,Starlight,256,4.6,6.1,5000,78999,high,Costly
503,REDMI,Black,128,4.1,6.4,5000,16999,low,Affordable
504,SAMSUNG,Black,512,4.5,6.6,4700,104999,high,Costly
505,OPPO,Black,64,4.4,6.6,5000,13999,high,Affordable
506,SAMSUNG,Graphite,256,4.2,6.4,5000,40999,high,Costly
507,MOTOROLA,Lily,128,4.1,6.6,5000,21499,low,Average
508,Tecno,Blue,128,4.6,6.6,5000,10901,high,Affordable
509,Tecno,Black,128,4.6,6.6,5000,11499,high,Affordable
510,SAMSUNG,Black,128,4.1,6.6,5000,19999,low,Average
511,SAMSUNG,Lime,256,4.2,6.6,5000,32999,high,Costly
512,vivo,Green,128,5.0,6.6,5000,14999,high,Affordable
513,REDMI,Blue,128,4.2,6.4,5000,14200,high,Affordable
514,APPLE,Midnight,256,4.6,6.1,5000,78999,high,Costly
515,Nokia,Mint,64,3.7,6.5,5000,10399,low,Affordable
516,OnePlus,Shadow,128,4.4,6.7,4500,28900,high,Average
517,SAMSUNG,Graphite,256,4.2,6.6,5000,32999,high,Costly
518,vivo,Blue,64,4.2,6.5,5000,11799,high,Affordable
519,IQOO,Blue,128,4.4,6.4,4500,19339,high,Average
520,vivo,Gold,128,4.4,6.6,5000,16999,high,Affordable
521,realme,Black,128,4.4,6.6,5000,17999,high,Affordable
522,realme,Black,64,4.3,6.5,5000,10499,high,Affordable
524,vivo,Black,128,4.3,6.6,5000,19990,high,Average
526,REDMI,Red,128,4.3,6.5,6000,12990,high,Affordable
527,REDMI,Silver,64,3.7,6.6,5000,12500,low,Affordable
528,POCO,Yellow,64,4.3,6.4,5000,14999,high,Affordable
529,vivo,Blue,128,4.4,6.6,5000,14999,high,Affordable
530,SAMSUNG,Blue,128,4.2,6.6,5000,15999,high,Affordable
531,OPPO,Gold,256,4.3,6.7,5000,24400,high,Average
532,vivo,Blue,128,4.4,6.6,5000,15499,high,Affordable
533,REDMI,Blue,64,4.2,6.7,5000,12599,high,Affordable
534,Infinix,Blue,128,4.2,6.8,5000,19999,high,Average
535,Nothing,Black,128,4.4,6.6,4500,28999,high,Average
536,Nothing,White,256,4.4,6.6,4500,30999,high,Costly
537,Nothing,Black,256,4.4,6.6,4500,29999,high,Average
538,Infinix,Grey,128,4.3,7.0,5000,15999,high,Affordable
539,SAMSUNG,Black,128,4.0,6.5,5000,11450,low,Affordable
540,Tecno,Sunset,256,4.2,6.7,4700,21999,high,Average
541,Tecno,White,128,4.1,6.8,5000,13429,low,Affordable
542,SAMSUNG,Cream,512,4.5,6.6,4700,104999,high,Costly
543,APPLE,Purple,64,4.6,6.1,5000,53999,high,Costly
544,realme,Blue,128,4.5,6.6,5000,13499,high,Affordable
545,OnePlus,Blue,128,4.3,6.7,5000,31890,high,Costly
546,Infinix,Green,128,4.0,6.6,5000,12999,low,Affordable
547,vivo,Blue,256,4.4,6.8,4600,42999,high,Costly
548,SAMSUNG,Peach,128,4.2,6.6,5000,16499,high,Affordable
549,OPPO,Orange,128,4.0,6.4,4500,21999,low,Average
550,APPLE,Blue,64,4.6,6.1,5000,53999,high,Costly
551,Tecno,Blue,128,4.2,6.8,5000,14479,high,Affordable
552,REDMI,Black,64,4.2,6.4,5000,12949,high,Affordable
553,REDMI,Blue,64,4.2,6.4,5000,13197,high,Affordable
554,SAMSUNG,Black,128,4.5,6.6,4500,49999,high,Costly
555,SAMSUNG,Green,64,4.2,6.5,5000,12499,high,Affordable
556,OPPO,Orange,128,4.3,6.4,4500,20999,high,Average
557,REDMI,Silver,128,4.2,6.6,5000,14999,high,Affordable
558,REDMI,Green,128,4.2,6.6,5000,14999,high,Affordable
559,Tecno,Black,128,4.3,6.6,5000,11499,high,Affordable
560,Infinix,Green,128,4.0,6.6,5000,12999,low,Affordable
561,vivo,Black,64,4.3,6.5,5000,14999,high,Affordable
562,REDMI,White,64,4.2,6.4,5000,12899,high,Affordable
563,Tecno,Blue,128,4.6,6.6,5000,10901,high,Affordable
564,OPPO,Blue,64,4.5,6.6,5000,10200,high,Affordable
565,vivo,Dazzle,128,4.3,6.4,4000,27990,high,Average
566,Nokia,Mint,64,3.7,6.5,5000,10399,low,Affordable
567,OPPO,Blue,256,4.2,6.4,4500,29980,high,Average
568,OPPO,Blue,64,4.2,6.6,5000,15499,high,Affordable
569,Tecno,Grey,256,3.6,6.8,5160,36999,low,Costly
570,SAMSUNG,Cream,256,4.5,6.6,4700,94999,high,Costly
571,SAMSUNG,Green,128,4.0,6.7,5000,34949,low,Costly
572,APPLE,Blue,256,4.7,6.1,5000,69999,high,Costly
573,realme,Black,64,4.2,6.7,5000,11490,high,Affordable
574,POCO,Yellow,128,4.2,6.6,5000,18999,high,Average
575,APPLE,Gold,128,4.7,6.7,5000,127999,high,Costly
576,vivo,Blue,128,4.3,6.4,4000,27990,high,Average
577,OPPO,Green,64,4.4,6.6,5000,13999,high,Affordable
578,vivo,Blue,256,4.4,6.8,4600,42999,high,Costly
579,vivo,Black,128,4.4,6.4,4000,17990,high,Affordable
580,REDMI,Black,128,4.2,6.6,5080,20999,high,Average
581,SAMSUNG,Mint,128,4.2,6.5,4500,27395,high,Average
582,Tecno,Sunset,256,4.2,6.7,4700,21999,high,Average
583,REDMI,Purple,64,4.3,6.4,5000,13699,high,Affordable
584,OPPO,Gold,128,4.3,6.7,4800,29999,high,Average
585,SAMSUNG,Black,256,4.3,6.8,5000,87800,high,Costly
586,REDMI,Blue,64,4.4,6.5,5020,11480,high,Affordable
587,OPPO,Black,128,4.3,6.7,4800,29999,high,Average
588,vivo,Blue,128,4.3,6.6,4830,28480,high,Average
590,REDMI,Green,128,4.2,6.7,5000,10189,high,Affordable
591,MOTOROLA,Gray,64,4.2,6.5,5000,10999,high,Affordable
592,realme,Blue,128,4.5,6.6,5000,13499,high,Affordable
593,REDMI,White,64,4.3,6.6,5000,14999,high,Affordable
594,SAMSUNG,Silver,256,4.1,6.7,6000,29999,low,Average
595,REDMI,White,64,4.4,6.4,5000,14999,high,Affordable
596,SAMSUNG,Blue,128,4.2,6.6,5000,16999,high,Affordable
597,OnePlus,Shadow,128,4.4,6.7,4500,28498,high,Average
598,realme,Silver,128,4.4,6.4,5000,15499,high,Affordable
599,realme,Black,128,4.4,6.4,5000,15499,high,Affordable
600,SAMSUNG,Black,128,4.2,6.5,5000,14690,high,Affordable
601,OPPO,Gold,256,4.3,6.7,5000,24400,high,Average
602,SAMSUNG,Brown,64,4.1,6.5,5000,14999,low,Affordable
603,realme,Black,128,4.2,6.6,4500,29999,high,Average
604,realme,Black,256,4.4,6.4,4500,25999,high,Average
605,vivo,Black,256,4.4,6.8,4600,39999,high,Costly
606,REDMI,White,128,4.2,6.5,6000,14999,high,Affordable
607,POCO,Blue,128,4.3,6.4,5000,16499,high,Affordable
608,MOTOROLA,White,128,4.2,6.6,5000,13999,high,Affordable
609,SAMSUNG,Black,128,4.3,6.7,3300,49999,high,Costly
610,realme,Black,128,4.4,6.4,5000,13499,high,Affordable
611,vivo,Black,128,4.3,6.4,4500,25799,high,Average
612,Tecno,Silver,64,4.2,6.9,7000,10644,high,Affordable
613,REDMI,Green,128,4.2,6.6,5000,14999,high,Affordable
614,REDMI,Silver,128,4.2,6.6,5000,14999,high,Affordable
615,Mi,Gold,64,4.2,6.0,3010,17499,high,Affordable
616,realme,Blue,64,4.5,6.5,5000,10999,high,Affordable
617,REDMI,Grey,128,4.0,6.5,5000,10999,low,Affordable
618,IQOO,Blue,256,4.4,6.8,5000,33900,high,Costly
619,vivo,Blue,64,4.3,6.5,5000,13980,high,Affordable
620,OnePlus,Black,256,4.5,6.7,5000,44778,high,Costly
621,SAMSUNG,Black,128,4.5,6.6,4500,49999,high,Costly
622,MOTOROLA,Silver,64,4.2,6.5,5000,10999,high,Affordable
623,vivo,Blue,256,4.4,6.8,4600,39999,high,Costly
624,APPLE,Silver,128,4.7,6.1,5000,120999,high,Costly
625,vivo,Black,128,4.3,6.4,4500,25390,high,Average
626,Xiaomi,Blue,128,4.2,6.6,4250,20990,high,Average
627,vivo,Blue,256,4.4,6.8,4810,59999,high,Costly
628,APPLE,Black,128,4.7,6.7,5000,127999,high,Costly
629,Infinix,Green,128,4.3,7.0,5000,15999,high,Affordable
630,REDMI,White,128,4.2,6.4,5000,18499,high,Average
631,Mi,Gold,64,4.2,6.0,3010,17499,high,Affordable
632,REDMI,White,64,4.2,6.5,6000,11199,high,Affordable
633,Tecno,Blue,256,4.2,6.7,5000,21865,high,Average
634,Tecno,Welkin,256,4.2,6.7,5000,21965,high,Average
635,Tecno,Green,128,4.2,6.8,5000,13649,high,Affordable
636,REDMI,White,128,4.1,6.4,5000,15995,low,Affordable
637,OnePlus,Sky,128,3.9,6.6,4500,35698,low,Costly
638,POCO,Black,128,4.2,6.4,5000,13999,high,Affordable
639,Nokia,Grey,64,3.7,6.5,5000,13999,low,Affordable
640,REDMI,White,128,4.2,6.5,6000,14999,high,Affordable
641,REDMI,Black,128,4.2,6.6,5000,16999,high,Affordable
643,SAMSUNG,Cream,256,4.5,6.6,4700,94999,high,Costly
644,vivo,Black,128,4.4,6.4,4200,27899,high,Average
645,APPLE,Black,128,4.7,6.1,5000,120999,high,Costly
646,POCO,Yellow,128,4.2,6.6,5000,18999,high,Average
647,REDMI,Blue,64,4.2,6.5,5000,10990,high,Affordable
648,OPPO,White,64,4.2,6.5,4230,13500,high,Affordable
649,realme,Black,128,4.2,6.6,4500,29999,high,Average
650,realme,Blue,128,4.1,6.6,5000,11190,low,Affordable
651,Mi,Blue,128,4.2,6.6,4250,17499,high,Affordable
652,OPPO,Gold,128,4.4,6.4,5000,19990,high,Average
653,Redmi,White,64,4.2,6.5,6000,11989,high,Affordable
654,SAMSUNG,Blue,128,4.2,6.6,5000,16999,high,Affordable
655,LAVA,Blue,128,4.3,6.5,5000,10499,high,Affordable
656,OPPO,Black,128,4.3,6.7,4800,29999,high,Average
657,REDMI,Grey,128,4.0,6.5,5000,10999,low,Affordable
658,OPPO,Gold,128,4.3,6.7,4800,29999,high,Average
659,SAMSUNG,Blue,64,4.3,6.5,6000,10499,high,Affordable
660,Mi,Silver,128,4.1,6.7,5000,23990,low,Average
661,POCO,Blue,128,4.3,6.4,5000,16499,high,Affordable
662,IQOO,Black,128,4.2,6.4,5000,14999,high,Affordable
663,REDMI,Blue,64,4.4,6.5,5020,11480,high,Affordable
664,REDMI,Night,128,4.3,6.7,5020,17999,high,Affordable
665,REDMI,White,64,4.3,6.6,5000,14999,high,Affordable
666,OPPO,Blue,128,4.1,6.6,5000,19000,low,Average
667,Tecno,Blue,128,3.9,6.8,6000,15499,low,Affordable
668,SAMSUNG,Navy,128,4.0,6.5,4500,26990,low,Average
669,OPPO,Blue,256,4.2,6.4,4500,29980,high,Average
670,SAMSUNG,Brown,128,4.2,6.6,6000,12894,high,Affordable
671,realme,Black,128,4.1,6.4,5000,21495,low,Average
672,SAMSUNG,Blue,128,4.3,6.5,4500,28990,high,Average
673,REDMI,Night,128,4.3,6.7,5020,17999,high,Affordable
674,APPLE,Green,64,4.6,6.1,5000,53999,high,Costly
675,vivo,Black,128,4.3,6.4,4500,25390,high,Average
676,OPPO,Black,256,4.2,6.4,4500,31999,high,Costly
677,SAMSUNG,Navy,128,4.0,6.5,4500,26990,low,Average
678,SAMSUNG,Peach,128,4.2,6.6,5000,17499,high,Affordable
679,realme,Green,64,4.4,6.5,6000,11890,high,Affordable
680,SAMSUNG,Green,64,4.1,6.6,5000,15999,low,Affordable
681,REDMI,Black,128,4.2,6.7,6000,10999,high,Affordable
682,Infinix,Snow,128,4.2,6.7,5000,16999,high,Affordable
684,Infinix,Green,128,4.2,6.7,5000,16999,high,Affordable
685,APPLE,Silver,128,4.7,6.7,5000,127999,high,Costly
686,Mi,White,128,4.2,6.7,4520,23999,high,Average
687,Mi,Silver,128,4.2,6.7,4520,23999,high,Average
689,Infinix,Black,64,4.3,6.7,5000,12499,high,Affordable
690,Infinix,Green,64,4.3,6.7,5000,12499,high,Affordable
691,Infinix,Snow,64,4.3,6.7,5000,12499,high,Affordable
692,Xiaomi,Mist,128,4.2,6.7,5160,26999,high,Average
693,realme,Blue,64,4.4,6.6,5000,13490,high,Affordable
694,realme,Black,64,4.4,6.6,5000,13490,high,Affordable
695,SAMSUNG,Green,128,3.7,6.7,5000,26999,low,Average
696,APPLE,Silver,128,4.7,6.7,5000,127999,high,Costly
697,Mi,Black,128,4.2,6.7,4520,23999,high,Average
698,Nokia,Mint,128,3.7,6.5,5000,10024,low,Affordable
699,vivo,Blue,128,4.3,6.6,4830,29000,high,Average
700,APPLE,White,64,4.6,6.1,5000,53999,high,Costly
701,Mi,Silver,128,4.2,6.7,4520,22499,high,Average
702,Mi,Black,128,4.2,6.7,4520,23999,high,Average
703,SAMSUNG,Blue,128,4.1,6.6,5000,21999,low,Average
704,SAMSUNG,Blue,128,4.3,6.6,5000,19990,high,Average
705,Tecno,Black,128,4.2,6.6,5000,15000,high,Affordable
706,realme,Green,64,4.4,6.5,6000,11890,high,Affordable
707,SAMSUNG,Green,128,4.0,6.5,5000,12999,low,Affordable
708,realme,Blue,64,4.4,6.6,5000,13490,high,Affordable
709,realme,Black,64,4.4,6.6,5000,13490,high,Affordable
710,Infinix,Black,64,4.3,6.8,5000,10999,high,Affordable
711,IQOO,Rage,128,4.4,6.6,4700,27690,high,Average
712,OPPO,Black,128,4.1,6.6,5000,18499,low,Average
713,vivo,Black,128,3.8,6.6,4830,29490,low,Average
714,vivo,Black,128,4.4,6.6,5000,18780,high,Average
715,realme,Black,128,4.4,6.4,5000,15499,high,Affordable
716,realme,Silver,128,4.4,6.4,5000,15499,high,Affordable
717,vivo,Black,64,4.3,6.5,5000,14999,high,Affordable
718,realme,Black,128,4.4,6.6,5000,10699,high,Affordable
719,SAMSUNG,Peach,128,4.2,6.6,5000,17499,high,Affordable
720,REDMI,Green,128,4.2,6.6,5000,16999,high,Affordable
721,SAMSUNG,Green,64,4.1,6.6,5000,15999,low,Affordable
722,Redmi,Gold,128,4.3,6.7,5020,15499,high,Affordable
723,APPLE,Purple,256,4.7,6.1,5000,130999,high,Costly
724,REDMI,Black,128,4.2,6.7,6000,10999,high,Affordable
725,vivo,Glow,64,4.3,6.5,5000,13690,high,Affordable
726,SAMSUNG,Graphite,128,4.2,6.6,5000,30999,high,Costly
727,SAMSUNG,Graphite,128,4.2,6.4,5000,38999,high,Costly
728,POCO,Red,256,4.5,6.7,4500,18490,high,Average
729,APPLE,Red,64,4.6,6.1,5000,53999,high,Costly
730,POCO,Red,64,4.5,6.7,4500,15490,high,Affordable
731,realme,Black,256,4.4,6.4,4500,25999,high,Average
732,SAMSUNG,Blue,128,4.3,6.5,4500,28990,high,Average
733,realme,Black,128,4.4,6.4,5000,14499,high,Affordable
734,REDMI,Black,128,4.4,6.5,5000,12990,high,Affordable
735,REDMI,White,128,4.4,6.4,5000,16499,high,Affordable
736,REDMI,Black,64,4.4,6.7,5020,15990,high,Affordable
737,Tecno,Blue,64,4.3,6.6,5000,12227,high,Affordable
738,Nokia,Blue,64,3.7,6.5,5000,10990,low,Affordable
740,SAMSUNG,White,64,4.2,6.5,6000,11444,high,Affordable
742,REDMI,Green,64,4.3,6.7,6000,10499,high,Affordable
743,POCO,Blue,64,4.5,6.7,4500,17999,high,Affordable
744,REDMI,White,128,4.2,6.6,5000,17999,high,Affordable
745,APPLE,Starlight,256,4.7,6.1,5000,69999,high,Costly
746,SAMSUNG,Green,128,4.2,6.6,6000,16499,high,Affordable
747,REDMI,White,128,4.3,6.7,5020,13790,high,Affordable
748,POCO,Blue,128,4.2,6.6,5000,16999,high,Affordable
749,REDMI,Blue,128,4.0,6.5,5000,10999,low,Affordable
750,POCO,Blue,64,4.3,6.7,5000,16999,high,Affordable
751,SAMSUNG,Green,128,4.2,6.6,6000,13999,high,Affordable
752,APPLE,Purple,256,4.7,6.7,5000,86999,high,Costly
753,Redmi,Grey,64,4.4,6.0,3080,13600,high,Affordable
754,OnePlus,Green,128,4.4,6.7,5000,54729,high,Costly
755,SAMSUNG,Navy,128,4.2,6.5,4500,28483,high,Average
756,APPLE,Midnight,256,4.7,6.1,5000,69999,high,Costly
757,POCO,Blue,128,4.2,6.7,5000,19999,high,Average
758,REDMI,Black,128,4.4,6.5,5000,12990,high,Affordable
759,realme,White,256,4.3,6.4,4300,24999,high,Average
760,Mi,Black,128,4.0,6.7,4520,25699,low,Average
761,Mi,White,128,4.0,6.7,4520,25699,low,Average
762,APPLE,Green,256,4.7,6.1,5000,69999,high,Costly
763,SAMSUNG,Copper,128,4.1,6.5,5000,11149,low,Affordable
764,Redmi,Black,128,4.3,6.7,5020,15990,high,Affordable
765,Redmi,Blue,128,4.3,6.7,5020,15999,high,Affordable
766,Tecno,Blue,128,4.2,6.6,5000,13898,high,Affordable
767,Tecno,White,128,4.2,6.6,5000,13766,high,Affordable
768,SAMSUNG,Silver,128,4.2,6.6,5000,30999,high,Costly
769,REDMI,Green,128,4.2,6.5,5000,10356,high,Affordable
770,SAMSUNG,Copper,128,4.0,6.5,5000,12999,low,Affordable
772,OnePlus,Shadow,128,4.4,6.7,4500,28994,high,Average
773,POCO,Purple,64,4.5,6.7,4500,17999,high,Affordable
774,vivo,Green,64,4.2,6.5,5000,11499,high,Affordable
775,OPPO,Black,128,4.3,6.6,5000,18999,high,Average
776,SAMSUNG,Cream,512,4.5,6.6,4700,104999,high,Costly
777,vivo,Galaxy,128,4.4,6.4,5000,19999,high,Average
778,SAMSUNG,Mint,128,4.0,6.5,4500,26845,low,Average
779,Redmi,White,64,4.2,6.5,6000,12000,high,Affordable
780,REDMI,Blue,128,4.2,6.6,5000,16990,high,Affordable
782,Google,White,64,4.5,5.6,3000,17499,high,Affordable
783,realme,Blue,128,4.3,6.5,5000,16499,high,Affordable
784,REDMI,White,64,4.2,6.4,5000,15740,high,Affordable
785,SAMSUNG,Blue,128,4.1,6.4,5000,29999,low,Average
786,OnePlus,Silver,128,4.4,6.6,4500,29990,high,Average
787,SAMSUNG,Black,128,4.3,6.6,5000,19999,high,Average
788,SAMSUNG,Black,128,4.0,6.7,5000,29980,low,Average
789,realme,White,128,4.3,6.4,4300,22999,high,Average
790,OnePlus,Ray,256,4.1,6.4,4500,27990,low,Average
791,OPPO,Blue,256,4.3,6.7,5000,32999,high,Costly
792,Redmi,Blue,128,4.3,6.7,5020,15999,high,Affordable
793,Redmi,White,128,4.3,6.7,5020,15999,high,Affordable
794,APPLE,Yellow,512,4.7,6.7,5000,106999,high,Costly
795,OPPO,Black,256,4.2,6.4,4500,31999,high,Costly
796,POCO,Blue,128,4.2,6.7,5000,19999,high,Average
797,POCO,Blue,64,4.3,6.7,5000,16999,high,Affordable
798,OPPO,Blue,256,4.3,6.7,5000,32999,high,Costly
799,Infinix,Black,128,4.2,6.8,5000,19999,high,Average
800,vivo,Blue,64,4.3,6.5,5000,13990,high,Affordable
801,REDMI,Black,128,4.1,6.5,5000,11999,low,Affordable
802,IQOO,Blue,128,4.2,6.6,5000,17499,high,Affordable
803,vivo,Blue,64,4.3,6.5,5000,13980,high,Affordable
804,REDMI,Black,128,4.2,6.6,5000,19470,high,Average
805,REDMI,Green,128,4.2,6.5,5000,10356,high,Affordable
806,REDMI,Bronze,64,4.3,6.7,5020,15990,high,Affordable
807,SAMSUNG,Black,128,4.0,6.7,5000,29980,low,Average
808,REDMI,White,128,4.2,6.6,5000,20990,high,Average
809,SAMSUNG,Silver,128,4.2,6.6,5000,30999,high,Costly
810,OnePlus,Green,128,4.4,6.7,5000,54729,high,Costly
811,SAMSUNG,Violet,256,4.2,6.4,5000,40999,high,Costly
812,realme,Orange,64,4.4,6.6,4300,17999,high,Affordable
813,Mi,Coral,128,4.2,6.6,4250,18900,high,Average
814,SAMSUNG,Navy,128,4.2,6.5,4500,28483,high,Average
815,OnePlus,Orange,256,5.0,6.4,3300,26990,high,Average
816,POCO,Blue,128,4.2,6.6,5000,16999,high,Affordable
817,SAMSUNG,Navy,128,4.2,6.5,4500,28483,high,Average
818,OnePlus,Orange,256,5.0,6.4,3300,26990,high,Average
819,Redmi,Blue,64,4.2,6.5,5000,10190,high,Affordable
820,REDMI,White,64,4.2,6.4,5000,15740,high,Affordable
821,Pluzz,Blue,256,3.2,6.3,4150,12990,low,Affordable
822,Pluzz,Blue,128,3.2,6.3,4150,12990,low,Affordable
823,Pluzz,Blue,256,3.2,6.3,4150,12990,low,Affordable
824,REDMI,Blue,128,4.0,6.5,5000,10999,low,Affordable
826,Tecno,Black,128,4.1,6.8,6000,10999,low,Affordable
827,SAMSUNG,Black,128,4.3,6.4,6000,13499,high,Affordable
828,OnePlus,Black,128,4.5,6.7,5000,39840,high,Costly
829,Nokia,Pink,128,3.7,6.5,5000,10199,low,Affordable
830,REDMI,Blue,64,4.2,6.7,5000,10998,high,Affordable
831,SAMSUNG,Blue,64,4.2,6.4,6000,13190,high,Affordable
832,IQOO,Blue,128,4.4,6.4,4500,19999,high,Average
833,Redmi,Blue,64,4.2,6.5,6000,11990,high,Affordable
834,vivo,Blue,64,4.3,6.5,5000,15990,high,Affordable
835,SAMSUNG,Copper,128,4.0,6.5,5000,12999,low,Affordable
836,OnePlus,Green,256,4.2,6.7,4800,48990,high,Costly
837,IQOO,Night,64,4.4,6.7,5000,14499,high,Affordable
838,APPLE,Starlight,512,4.6,6.1,5000,98999,high,Costly
839,POCO,Purple,64,4.5,6.7,4500,17999,high,Affordable
840,IQOO,Blue,128,4.4,6.4,4500,19999,high,Average
841,Nokia,Grey,64,4.0,6.4,4000,13999,low,Affordable
842,Tecno,Mondrian,128,4.0,6.8,5000,15999,low,Affordable
843,SAMSUNG,Copper,128,4.0,6.5,5000,12999,low,Affordable
844,REDMI,Black,64,4.2,6.5,5000,10500,high,Affordable
845,REDMI,Grey,64,4.2,6.5,5000,10359,high,Affordable
846,IQOO,Blue,128,3.8,6.4,4500,23990,low,Average
847,OnePlus,Black,128,4.3,6.7,5000,30330,high,Costly
848,vivo,Black,128,4.4,6.6,5000,17999,high,Affordable
849,Tecno,Blue,64,4.3,6.6,5000,12227,high,Affordable
850,OnePlus,Blue,128,4.3,6.7,5000,31000,high,Costly
851,REDMI,Blue,128,4.3,6.7,5020,13499,high,Affordable
852,REDMI,Black,128,4.3,6.7,5020,14290,high,Affordable
853,REDMI,Gold,128,4.3,6.7,5020,14190,high,Affordable
854,vivo,Black,128,4.5,6.6,5000,16990,high,Affordable
855,SAMSUNG,Lime,128,4.2,6.4,5000,38999,high,Costly
856,Redmi,Blue,64,4.2,6.5,5000,10190,high,Affordable
857,Nokia,Pink,128,3.7,6.5,5000,10199,low,Affordable
859,vivo,Blue,128,4.5,6.6,5000,16990,high,Affordable
860,vivo,Fantasy,128,4.3,6.6,5000,17990,high,Affordable
861,vivo,Black,128,4.3,6.6,5000,17900,high,Affordable
862,OnePlus,Black,256,4.2,6.7,4800,48980,high,Costly
863,SAMSUNG,Black,64,4.2,6.4,6000,13490,high,Affordable
865,Infinix,Blue,64,4.2,7.0,5000,10999,high,Affordable
867,SAMSUNG,Lavender,128,4.5,6.1,3900,74999,high,Costly
868,APPLE,Silver,256,4.7,6.7,5000,137999,high,Costly
869,realme,Black,64,4.4,6.5,5000,10499,high,Affordable
870,OnePlus,Green,256,4.2,6.7,5000,36990,high,Costly
871,OPPO,Blue,64,4.3,6.5,5000,14799,high,Affordable
872,IQOO,Blue,128,3.8,6.4,4500,23990,low,Average
873,SAMSUNG,Black,128,4.3,6.1,3700,51499,high,Costly
874,Xiaomi,Black,128,4.2,6.6,4250,20980,high,Average
875,Tecno,Grey,256,3.6,6.8,5160,35990,low,Costly
876,OnePlus,Black,128,4.4,6.7,5000,55500,high,Costly
878,APPLE,Midnight,512,4.7,6.1,5000,89999,high,Costly
879,OPPO,Green,64,4.4,6.6,5000,13180,high,Affordable
880,IQOO,Night,128,4.2,6.7,5000,15999,high,Affordable
881,OPPO,Gold,128,4.3,6.4,4500,29999,high,Average
882,IQOO,Night,128,3.8,6.4,4500,23999,low,Average
883,SAMSUNG,Graphite,128,4.3,6.6,5000,28999,high,Average
884,OnePlus,Black,256,4.2,6.7,5000,36990,high,Costly
885,OPPO,Black,128,4.3,6.6,5000,18999,high,Average
887,vivo,Black,128,4.4,6.6,5000,17999,high,Affordable
888,vivo,Blue,128,4.5,6.6,5000,16990,high,Affordable
889,vivo,Black,128,4.5,6.6,5000,16990,high,Affordable
890,Redmi,Black,64,4.4,6.0,4000,11999,high,Affordable
891,vivo,Fantasy,128,4.3,6.6,5000,17990,high,Affordable
892,vivo,Black,128,4.3,6.6,5000,17900,high,Affordable
893,REDMI,Blue,128,4.2,6.6,5000,21290,high,Average
894,REDMI,Black,64,4.2,6.5,5000,10500,high,Affordable
895,REDMI,Grey,64,4.2,6.5,5000,10359,high,Affordable
896,Nokia,Pink,64,4.1,6.5,5050,10499,low,Affordable
897,vivo,Black,256,4.3,6.8,4810,63999,high,Costly
898,vivo,Blue,256,4.3,6.8,4810,63999,high,Costly
899,OPPO,Black,128,4.1,6.4,4500,21499,low,Average
900,SAMSUNG,Graphite,256,3.7,6.7,3700,94999,low,Costly
901,MOTOROLA,Grey,64,4.2,6.6,5000,11249,high,Affordable
902,MOTOROLA,Green,64,3.8,6.5,5000,11099,low,Affordable
904,SAMSUNG,Black,64,4.2,6.4,6000,14790,high,Affordable
905,Pluzz,Blue,256,4.3,6.3,4150,12990,high,Affordable
906,OnePlus,Black,128,4.3,6.7,5000,30330,high,Costly
907,OnePlus,Green,256,4.1,6.7,5000,35499,low,Costly
908,REDMI,Gold,64,4.4,6.7,5020,15990,high,Affordable
909,Xiaomi,Mist,128,4.2,6.7,4500,23999,high,Average
910,Redmi,Blue,128,4.3,6.7,5020,16990,high,Affordable
911,vivo,Blue,128,4.2,6.4,4050,23999,high,Average
912,Nokia,Charcoal,64,3.5,6.7,5050,10499,low,Affordable
913,vivo,Black,256,4.4,6.8,4870,84999,high,Costly
914,Nokia,Night,64,3.9,6.4,4000,16799,low,Affordable
915,POCO,Blue,64,4.4,6.7,5000,17999,high,Affordable
917,SAMSUNG,Peach,128,4.1,6.5,5000,33000,low,Costly
918,realme,Blue,64,4.5,6.5,5000,10999,high,Affordable
919,APPLE,Purple,64,4.6,6.1,5000,41999,high,Costly
920,SAMSUNG,Black,128,4.2,6.6,6000,16142,high,Affordable
921,SAMSUNG,Orange,128,4.1,6.6,5000,21999,low,Average
922,SAMSUNG,Green,256,4.5,6.1,3900,79999,high,Costly
923,vivo,Black,256,4.3,6.4,4200,28299,high,Average
924,POCO,Yellow,128,4.2,6.6,5000,16999,high,Affordable
925,SAMSUNG,Lime,128,4.2,6.4,5000,38999,high,Costly
926,OnePlus,Silver,128,4.4,6.6,4500,29990,high,Average
927,realme,Black,128,4.3,6.7,5000,25656,high,Average
928,IQOO,Night,128,4.3,6.4,4500,21990,high,Average
929,vivo,Glow,128,4.4,6.6,5000,17990,high,Affordable
930,IQOO,Blue,128,4.3,6.4,4500,21990,high,Average
931,OPPO,Purple,256,4.2,6.8,4300,89999,high,Costly
933,vivo,Black,64,4.3,6.5,5000,11999,high,Affordable
934,realme,Black,128,4.2,6.7,5000,12999,high,Affordable
935,APPLE,Blue,512,4.6,6.1,5000,98999,high,Costly
936,OPPO,Black,256,4.3,6.7,4500,45999,high,Costly
937,SAMSUNG,Violet,128,4.3,6.6,5000,28999,high,Average
938,vivo,Dazzle,256,4.3,6.4,4000,27490,high,Average
939,Nokia,Grey,64,3.7,6.5,5000,10399,low,Affordable
940,vivo,Blue,256,4.3,6.4,4000,27450,high,Average
941,POCO,Black,128,4.3,6.4,5000,16499,high,Affordable
942,Xiaomi,Black,128,4.2,6.6,4250,20980,high,Average
943,OnePlus,Void,256,4.1,6.4,4500,27999,low,Average
944,realme,Black,128,4.3,6.7,5000,25656,high,Average
946,vivo,Black,256,4.3,6.4,4200,28299,high,Average
947,realme,Blue,256,4.3,6.6,4200,31999,high,Costly
948,realme,Black,128,4.3,6.7,5000,12999,high,Affordable
949,SAMSUNG,Blue,64,4.3,6.4,6000,18999,high,Average
950,realme,White,256,4.2,6.6,4200,34999,high,Costly
951,vivo,Pearl,128,4.3,6.4,4000,24990,high,Average
952,OnePlus,Orange,256,5.0,6.4,3300,26990,high,Average
953,SAMSUNG,Copper,64,4.1,6.5,5000,11399,low,Affordable
954,realme,White,128,4.3,6.6,5000,36999,high,Costly
955,SAMSUNG,Silver,128,4.3,6.5,6000,19900,high,Average
956,OPPO,Orange,64,4.3,6.6,5000,14980,high,Affordable
957,OnePlus,Green,256,4.1,6.7,5000,35499,low,Costly
958,APPLE,Starlight,512,4.7,6.1,5000,89999,high,Costly
959,realme,Orange,256,4.3,6.7,5000,28762,high,Average
